{
	"NInputs": 3,
	"NHiddens": 3,
	"NOutputs": 1,
	"NContexts": 0,
	"Regression": false,
	"InputActivations": [
		1,
		1,
		1
	],
	"HiddenActivations": [
		0.12352598522727144,
		0.00003608250511983483,
		1
	],
	"OutputActivations": [
		0.09821937121962894
	],
	"Contexts": null,
	"InputWeights": [
		[
			-3.4880623577856293,
			-5.743463781786974,
			0.31191253039081035
		],
		[
			-3.554228791751888,
			-6.551151663987171,
			-0.42103913368681445
		],
		[
			5.074841058472208,
			2.064240050552567,
			0.794339426299602
		]
	],
	"OutputWeights": [
		[
			7.0177558271922535
		],
		[
			-7.532219157078143
		],
		[
			-3.0869008820533175
		]
	],
	"ContextWeights": null,
	"InputChanges": [
		[
			-0.006608907610765607,
			0.0000023642965484966804,
			0
		],
		[
			-0.006608907610765607,
			0.0000023642965484966804,
			0
		],
		[
			-0.006608907610765607,
			0.0000023642965484966804,
			0
		]
	],
	"OutputChanges": [
		[
			-0.0010746165566903325
		],
		[
			-3.1390041000116375e-7
		],
		[
			-0.008699518200265155
		]
	],
	"ContextChanges": null
}